全国地方公共団体コード,ID,地方公共団体名,名称,名称_カナ,名称_英字,名称_通称,POIコード,外部識別子,外部識別子の値,所在地_全国地方公共団体コード,町字ID,所在地_連結表記,所在地_都道府県,所在地_市区町村,所在地_町字,所在地_番地以下,建物名等(方書),緯度,経度,高度の種別,高度の値,電話番号,内線番号,連絡先メールアドレス,連絡先FormURL,連絡先備考（その他、SNSなど）,郵便番号,法人番号,団体名,利用可能曜日,開始時間,終了時間,利用可能時間特記事項,説明,車椅子可,車椅子貸出,ツエ貸出,バリアフリートイレ,スロープ、エレベータ、エスカレータ,点字ブロック等の移動支援,点字や読上による支援,盲導犬・介助犬、聴導犬同伴,字幕,筆談対応,優先駐車場,オストメイト対応トイレ,授乳室,おむつ替えコーナー,飲食可否,ベビーカー貸出,ベビーカー利用,URL,画像,画像_ライセンス,備考
131024,1.31E+11,中央区,中央区庁舎,チュウオウクチョウシャ,,,,,,131024,,東京都中央区築地1-1-1,,,,,,35.670599,139.77201,,,,,,,,1040045,,,,,,,,,,,,,,,,,,,,,,,,,,,,
131024,1.31E+11,中央区,本庁舎防災備蓄倉庫,ホンチョウシャボウサイビチクソウコ,,,,,,131024,,東京都中央区築地1-1-1,,,,,,35.670599,139.77201,,,,,,,,1040045,,,,,,,,,,,,,,,,,,,,,,,,,,,,
131024,1.31E+11,中央区,中央区役所別棟,チュウオウクヤクショベツムネ,,,,,,131024,,東京都中央区築地1-1-1,,,,,,35.670599,139.77201,,,,,,,,1040045,,,,,,,,,,,,,,,,,,,,,,,,,,,,
131024,1.31E+11,中央区,新富分庁舎,シントミブンチョウシャ,,,,,,131024,,東京都中央区新富1-13-24,,,,,,35.673538,139.774941,,,,,,,,1040041,,,,,,,,,,,,,,,,,,,,,,,,,,,,
131024,1.31E+11,中央区,新富区民館,シントミクミンカン,,,,,,131024,,東京都中央区新富1-13-24,,,,,,35.673538,139.774941,,,,,,,,1040041,,,,,,,,,,,,,,,,,,,,,,,,,,,,
131024,1.31E+11,中央区,京橋プラザ分庁舎,キョウバシプラザブンチョウシャ,,,,,,131024,,東京都中央区銀座1-25-3,,,,,,35.673121,139.771593,,,,,,,,1040061,,,,,,,,,,,,,,,,,,,,,,,,,,,,
131024,1.31E+11,中央区,京橋プラザ防災備蓄倉庫・京橋プラザ防災拠点倉庫,キョウバシプラザボウサイビチクソウコ・キョウバシプラザボウサイキョテンソウコ,,,,,,131024,,東京都中央区銀座1-25-3,,,,,,35.673121,139.771593,,,,,,,,1040061,,,,,,,,,,,,,,,,,,,,,,,,,,,,
131024,1.31E+11,中央区,京橋プラザ住宅,キョウバシプラザジュウタク,,,,,,131024,,東京都中央区銀座1-25-3,,,,,,35.673121,139.771593,,,,,,,,1040061,,,,,,,,,,,,,,,,,,,,,,,,,,,,
131024,1.31E+11,中央区,京橋プラザ区民館,キョウバシプラザクミンカン,,,,,,131024,,東京都中央区銀座1-25-3,,,,,,35.673121,139.771593,,,,,,,,1040061,,,,,,,,,,,,,,,,,,,,,,,,,,,,
131024,1.31E+11,中央区,京橋プラザコミュニティルーム,キョウバシプラザコミュニティルーム,,,,,,131024,,東京都中央区銀座1-25-3,,,,,,35.673121,139.771593,,,,,,,,1040061,,,,,,,,,,,,,,,,,,,,,,,,,,,,
131024,1.31E+11,中央区,京橋休日応急診療所（京橋プラザ認証保育所を含む）,キョウバシキュウジツオウキュウシンリョウジョ（キョウバシプラザニンショウホイクジョヲフクム）,,,,,,131024,,東京都中央区銀座1-25-3,,,,,,35.673121,139.771593,,,,,,,,1040061,,,,,,,,,,,,,,,,,,,,,,,,,,,,
131024,1.31E+11,中央区,京橋プラザ駐車場,キョウバシプラザチュウシャジョウ,,,,,,131024,,東京都中央区銀座1-25-3,,,,,,35.673121,139.771593,,,,,,,,1040061,,,,,,,,,,,,,,,,,,,,,,,,,,,,
131024,1.31E+11,中央区,日本橋特別出張所,ニホンバシトクベツシュッチョウジョ,,,,,,131024,,東京都中央区日本橋蛎殻町1-31-1,,,,,,35.682479,139.784287,,,,,,,,1030014,,,,,,,,,,,,,,,,,,,,,,,,,,,,
131024,1.31E+11,中央区,日本橋公会堂,ニホンバシコウカイドウ,,,,,,131024,,東京都中央区日本橋蛎殻町1-31-1,,,,,,35.682479,139.784287,,,,,,,,1030014,,,,,,,,,,,,,,,,,,,,,,,,,,,,
131024,1.31E+11,中央区,日本橋特別出張所防災備蓄倉庫・有馬小学校副拠点倉庫,ニホンバシトクベツシュッチョウショボウサイビチクソウコ・アリマショウガッコウフクキョテンソウコ,,,,,,131024,,東京都中央区日本橋蛎殻町1-31-1,,,,,,35.682479,139.784287,,,,,,,,1030014,,,,,,,,,,,,,,,,,,,,,,,,,,,,
131024,1.31E+11,中央区,蛎殻町職員住宅,カキガラチョウショクインジュウタク,,,,,,131024,,東京都中央区日本橋蛎殻町1-31-1,,,,,,35.682479,139.784287,,,,,,,,1030014,,,,,,,,,,,,,,,,,,,,,,,,,,,,
131024,1.31E+11,中央区,日本橋道路事務所・詰所,ニホンバシドウロジムショ・ツメショ,,,,,,131024,,東京都中央区日本橋蛎殻町1-31-1,,,,,,35.682479,139.784287,,,,,,,,1030014,,,,,,,,,,,,,,,,,,,,,,,,,,,,
131024,1.31E+11,中央区,子ども家庭支援センター日本橋分室,コドモカテイシエンセンターニホンバシブンシツ,,,,,,131024,,東京都中央区日本橋蛎殻町1-31-1,,,,,,35.682479,139.784287,,,,,,,,1030014,,,,,,,,,,,,,,,,,,,,,,,,,,,,
131024,1.31E+11,中央区,月島特別出張所,ツキシマトクベツシュッチョウジョ,,,,,,131024,,東京都中央区月島4-1-1,,,,,,35.661921,139.78192,,,,,,,,1040052,,,,,,,,,,,,,,,,,,,,,,,,,,,,
131024,1.31E+11,中央区,月島道路事務所,ツキシマドウロジムショ,,,,,,131024,,東京都中央区月島4-1-1,,,,,,35.661921,139.78192,,,,,,,,1040052,,,,,,,,,,,,,,,,,,,,,,,,,,,,
131024,1.31E+11,中央区,月島おとしより相談センター,ツキシマオトシヨリソウダンセンター,,,,,,131024,,東京都中央区月島4-1-1,,,,,,35.661921,139.78192,,,,,,,,1040052,,,,,,,,,,,,,,,,,,,,,,,,,,,,
131024,1.31E+11,中央区,月島児童館,ツキシマジドウカン,,,,,,131024,,東京都中央区月島4-1-1,,,,,,35.661921,139.78192,,,,,,,,1040052,,,,,,,,,,,,,,,,,,,,,,,,,,,,
131024,1.31E+11,中央区,月島図書館,ツキシマトショカン,,,,,,131024,,東京都中央区月島4-1-1,,,,,,35.661921,139.78192,,,,,,,,1040052,,,,,,,,,,,,,,,,,,,,,,,,,,,,
131024,1.31E+11,中央区,月島社会教育会館,ツキシマシャカイキョウイクカイカン,,,,,,131024,,東京都中央区月島4-1-1,,,,,,35.661921,139.78192,,,,,,,,1040052,,,,,,,,,,,,,,,,,,,,,,,,,,,,
131024,1.31E+11,中央区,月島駐車場,ツキシマチュウシャジョウ,,,,,,131024,,東京都中央区月島4-1-1,,,,,,35.661921,139.78192,,,,,,,,1040052,,,,,,,,,,,,,,,,,,,,,,,,,,,,
131024,1.31E+11,中央区,月島特別出張所防災活動資器材庫,ツキシマトクベツシュッチョウショボウサイカツドウシキザイコ,,,,,,131024,,東京都中央区月島4-1-1,,,,,,35.661921,139.78192,,,,,,,,1040052,,,,,,,,,,,,,,,,,,,,,,,,,,,,
131024,1.31E+11,中央区,環境土木部八丁堀詰所,カンキョウドボクブハッチョウボリツメショ,,,,,,131024,,東京都中央区八丁堀4-1-5,,,,,,35.674144,139.772964,,,,,,,,1040032,,,,,,,,,,,,,,,,,,,,,,,,,,,,
131024,1.31E+11,中央区,八丁堀職員住宅,ハッチョウボリショクインジュウタク,,,,,,131024,,東京都中央区八丁堀4-1-5,,,,,,35.674144,139.772964,,,,,,,,1040032,,,,,,,,,,,,,,,,,,,,,,,,,,,,
131024,1.31E+11,中央区,築地魚河岸,ツキジウオガシ,,,,,,131024,,東京都中央区築地6-26-1、6-27-1,,,,,,35.664851,139.771186,,,,,,,,1040045,,,,,,,,,,,,,,,,,,,,,,,,,,,,
131024,1.31E+11,中央区,ハイテクセンター,ハイテクセンター,,,,,,131024,,東京都中央区八丁堀3-17-9,,,,,,35.674999,139.775575,,,,,,,,1040032,,,,,,,,,,,,,,,,,,,,,,,,,,,,
131024,1.31E+11,中央区,京華スクエア防災備蓄倉庫・京華スクエア防災拠点倉庫,キョウカスクエアボウサイビチクソウコ・キョウカスクエアボウサイキョテンソウコ,,,,,,131024,,東京都中央区八丁堀3-17-9,,,,,,35.674999,139.775575,,,,,,,,1040032,,,,,,,,,,,,,,,,,,,,,,,,,,,,
131024,1.31E+11,中央区,京華コミュニティルーム,キョウカコミュニティルーム,,,,,,131024,,東京都中央区八丁堀3-17-9,,,,,,35.674999,139.775575,,,,,,,,1040032,,,,,,,,,,,,,,,,,,,,,,,,,,,,
131024,1.31E+11,中央区,旧問屋街産業支援施設立体駐車場,キュウトンヤガイサンギョウシエンシセツリッタイチュウシャジョウ,,,,,,131024,,東京都中央区日本橋横山町6-15,,,,,,35.692748,139.782988,,,,,,,,1030003,,,,,,,,,,,,,,,,,,,,,,,,,,,,
131024,1.31E+11,中央区,八丁堀分庁舎,ハッチョウボリブンチョウシャ,,,,,,131024,,東京都中央区八丁堀4-1-5,,,,,,35.674144,139.772964,,,,,,,,1040032,,,,,,,,,,,,,,,,,,,,,,,,,,,,
131024,1.31E+11,中央区,八丁堀かえで川住宅,ハッチョウボリカエデガワジュウタク,,,,,,131024,,東京都中央区八丁堀4-1-4,,,,,,35.674144,139.772964,,,,,,,,1040032,,,,,,,,,,,,,,,,,,,,,,,,,,,,
131024,1.31E+11,中央区,京橋区民館,キョウバシクミンカン,,,,,,131024,,東京都中央区京橋2-6-7,,,,,,35.676572,139.771319,,,,,,,,1040031,,,,,,,,,,,,,,,,,,,,,,,,,,,,
131024,1.31E+11,中央区,城東小学校防災拠点倉庫,ジョウトウショウガッコウボウサイキョテンソウコ,,,,,,131024,,東京都中央区京橋2-6-7,,,,,,35.676572,139.771319,,,,,,,,1040031,,,,,,,,,,,,,,,,,,,,,,,,,,,,
131024,1.31E+11,中央区,知的障害者グループホームフレンドハウス京橋,チテキショウガイシャグループホームフレンドハウスキョウバシ,,,,,,131024,,東京都中央区京橋2-6-7,,,,,,35.676572,139.771319,,,,,,,,1040031,,,,,,,,,,,,,,,,,,,,,,,,,,,,
131024,1.31E+11,中央区,銀座区民館,ギンザクミンカン,,,,,,131024,,東京都中央区銀座4-13-17,,,,,,35.66944,139.768618,,,,,,,,1040061,,,,,,,,,,,,,,,,,,,,,,,,,,,,
131024,1.31E+11,中央区,銀座職員住宅,ギンザショクインジュウタク,,,,,,131024,,東京都中央区銀座4-13-17,,,,,,35.66944,139.768618,,,,,,,,1040061,,,,,,,,,,,,,,,,,,,,,,,,,,,,
131024,1.31E+11,中央区,明石町区民館,アカシチョウクミンカン,,,,,,131024,,東京都中央区明石町14-2,,,,,,35.665783,139.77819,,,,,,,,1040044,,,,,,,,,,,,,,,,,,,,,,,,,,,,
131024,1.31E+11,中央区,明石町職員住宅,アカシチョウショクインジュウタク,,,,,,131024,,東京都中央区明石町14-2,,,,,,35.665783,139.77819,,,,,,,,1040044,,,,,,,,,,,,,,,,,,,,,,,,,,,,
131024,1.31E+11,中央区,明石町区民館防災備蓄倉庫,アカシチョウクミンカンボウサイビチクソウコ,,,,,,131024,,東京都中央区明石町14-2,,,,,,35.665783,139.77819,,,,,,,,1040044,,,,,,,,,,,,,,,,,,,,,,,,,,,,
131024,1.31E+11,中央区,八丁堀区民館,ハッチョウボリクミンカン,,,,,,131024,,東京都中央区八丁堀4-13-12,,,,,,35.674202,139.778992,,,,,,,,1040032,,,,,,,,,,,,,,,,,,,,,,,,,,,,
131024,1.31E+11,中央区,八丁堀区民館防災備蓄倉庫,ハッチョウボリクミンカンボウサイビチクソウコ,,,,,,131024,,東京都中央区八丁堀4-13-12,,,,,,35.674202,139.778992,,,,,,,,1040032,,,,,,,,,,,,,,,,,,,,,,,,,,,,
131024,1.31E+11,中央区,新川区民館,シンカワクミンカン,,,,,,131024,,東京都中央区新川1-26-1,,,,,,35.676398,139.78371,,,,,,,,1040033,,,,,,,,,,,,,,,,,,,,,,,,,,,,
131024,1.31E+11,中央区,新川区民館防災備蓄倉庫・明正小学校副拠点倉庫,シンカワクミンカンボウサイビチクソウコ・メイショウショウガッコウフクキョテンソウコ,,,,,,131024,,東京都中央区新川1-26-1,,,,,,35.676398,139.78371,,,,,,,,1040033,,,,,,,,,,,,,,,,,,,,,,,,,,,,
131024,1.31E+11,中央区,新川職員住宅,シンカワショクインジュウタク,,,,,,131024,,東京都中央区新川1-26-1,,,,,,35.676398,139.78371,,,,,,,,1040033,,,,,,,,,,,,,,,,,,,,,,,,,,,,
131024,1.31E+11,中央区,久松町区民館,ヒサマツチョウクミンカン,,,,,,131024,,東京都中央区日本橋久松町1-2,,,,,,35.688723,139.783927,,,,,,,,1030005,,,,,,,,,,,,,,,,,,,,,,,,,,,,
131024,1.31E+11,中央区,久松町区民館防災備蓄倉庫,ヒサマツチョウクミンカンボウサイビチクソウコ,,,,,,131024,,東京都中央区日本橋久松町1-2,,,,,,35.688723,139.783927,,,,,,,,1030005,,,,,,,,,,,,,,,,,,,,,,,,,,,,
131024,1.31E+11,中央区,日本橋休日応急診療所,ニホンバシキュウジツオウキュウシンリョウショ,,,,,,131024,,東京都中央区日本橋久松町1-2,,,,,,35.688723,139.783927,,,,,,,,1030005,,,,,,,,,,,,,,,,,,,,,,,,,,,,
131024,1.31E+11,中央区,新場橋区民館,シンババシクミンカン,,,,,,131024,,東京都中央区日本橋兜町11-9,,,,,,35.680014,139.776367,,,,,,,,1030026,,,,,,,,,,,,,,,,,,,,,,,,,,,,
131024,1.31E+11,中央区,新場橋職員住宅,シンババシショクインジュウタク,,,,,,131024,,東京都中央区日本橋兜町11-9,,,,,,35.680014,139.776367,,,,,,,,1030026,,,,,,,,,,,,,,,,,,,,,,,,,,,,
131024,1.31E+11,中央区,佃区民館,ツクダクミンカン,,,,,,131024,,東京都中央区佃2-17-8,,,,,,35.664743,139.78484,,,,,,,,1040051,,,,,,,,,,,,,,,,,,,,,,,,,,,,
131024,1.31E+11,中央区,佃区民館防災備蓄倉庫,ツクダクミンカンボウサイビチクソウコ,,,,,,131024,,東京都中央区佃2-17-8,,,,,,35.664743,139.78484,,,,,,,,1040051,,,,,,,,,,,,,,,,,,,,,,,,,,,,
131024,1.31E+11,中央区,中央区休日応急診療所（精神障害者共同作業所を含む）,チュウオウクキュウジツオウキュウシンリョウジョ（セイシンショウガイシャキョウドウサギョウジョヲフクム）,,,,,,131024,,東京都中央区佃2-17-8,,,,,,35.664743,139.78484,,,,,,,,1040051,,,,,,,,,,,,,,,,,,,,,,,,,,,,
131024,1.31E+11,中央区,月島区民館,ツキシマクミンカン,,,,,,131024,,東京都中央区月島2-8-11,,,,,,35.663212,139.784619,,,,,,,,1040052,,,,,,,,,,,,,,,,,,,,,,,,,,,,
131024,1.31E+11,中央区,月島区民館防災備蓄倉庫・月島第一小学校副拠点倉庫,ツキシマクミンカンボウサイビチクソウコ・ツキシマダイイチショウガッコウフクキョテンソウコ,,,,,,131024,,東京都中央区月島2-8-11,,,,,,35.663212,139.784619,,,,,,,,1040052,,,,,,,,,,,,,,,,,,,,,,,,,,,,
131024,1.31E+11,中央区,浜町コミュニティルーム,ハマチョウコミュニティルーム,,,,,,131024,,東京都中央区日本橋浜町1-2-3,,,,,,35.689686,139.785452,,,,,,,,1030007,,,,,,,,,,,,,,,,,,,,,,,,,,,,
131024,1.31E+11,中央区,セレモニーホール,セレモニーホール,,,,,,131024,,東京都中央区勝どき1-13-19,,,,,,35.66045,139.774701,,,,,,,,1040054,,,,,,,,,,,,,,,,,,,,,,,,,,,,
131024,1.31E+11,中央区,勝どきコミュニティルーム,カチドキコミュニティルーム,,,,,,131024,,東京都中央区勝どき1-13-19,,,,,,35.66045,139.774701,,,,,,,,1040054,,,,,,,,,,,,,,,,,,,,,,,,,,,,
131024,1.31E+11,中央区,浜町集会施設「浜町メモリアル」,ハマチョウシュウカイシセツ「ハマチョウメモリアル」,,,,,,131024,,東京都中央区日本橋浜町2-59-48,,,,,,35.687465,139.790368,,,,,,,,1030007,,,,,,,,,,,,,,,,,,,,,,,,,,,,
131024,1.31E+11,中央区,水と緑の情報ギャラリー,ミズトミドリノジョウホウギャラリー,,,,,,131024,,東京都中央区日本橋浜町2-59-48,,,,,,35.687465,139.790368,,,,,,,,1030007,,,,,,,,,,,,,,,,,,,,,,,,,,,,
131024,1.31E+11,中央区,十思スクエア別館,ジッシスクエアベッカン,,,,,,131024,,東京都中央区小伝馬町5-19,,,,,,35.690964,139.777354,,,,,,,,1030001,,,,,,,,,,,,,,,,,,,,,,,,,,,,
131024,1.31E+11,中央区,十思地域密着型特別養護老人ホーム,ジッシチイキミッチャクガタトクベツヨウゴロウジンホーム,,,,,,131024,,東京都中央区小伝馬町5-19,,,,,,35.690964,139.777354,,,,,,,,1030001,,,,,,,,,,,,,,,,,,,,,,,,,,,,
131024,1.31E+11,中央区,公衆浴場十思湯,コウシュウヨクジョウジッシユ,,,,,,131024,,東京都中央区小伝馬町5-19,,,,,,35.690964,139.777354,,,,,,,,1030001,,,,,,,,,,,,,,,,,,,,,,,,,,,,
131024,1.31E+11,中央区,十思スクエア防災拠点倉庫（別館）,ジッシスクエアボウサイキョテンソウコ（ベッカン）,,,,,,131024,,東京都中央区小伝馬町5-19,,,,,,35.690964,139.777354,,,,,,,,1030001,,,,,,,,,,,,,,,,,,,,,,,,,,,,
131024,1.31E+11,中央区,中央会館「銀座ブロッサム」,チュウオウカイカン「ギンザブロッサム」,,,,,,131024,,東京都中央区銀座2-15-6,,,,,,35.671233,139.771182,,,,,,,,1040061,,,,,,,,,,,,,,,,,,,,,,,,,,,,
131024,1.31E+11,中央区,築地社会教育会館,ツキジシャカイキョウイクカイカン,,,,,,131024,,東京都中央区築地4-15-1,,,,,,35.666391,139.768187,,,,,,,,1040045,,,,,,,,,,,,,,,,,,,,,,,,,,,,
131024,1.31E+11,中央区,築地保育園,ツキジホイクエン,,,,,,131024,,東京都中央区築地4-15-1,,,,,,35.666391,139.768187,,,,,,,,1040045,,,,,,,,,,,,,,,,,,,,,,,,,,,,
131024,1.31E+11,中央区,京橋図書館別置倉庫,キョウバシトショカンベッチソウコ,,,,,,131024,,東京都中央区築地4-15-1,,,,,,35.666391,139.768187,,,,,,,,1040045,,,,,,,,,,,,,,,,,,,,,,,,,,,,
131024,1.31E+11,中央区,郷土天文館文化財保管庫（築地）,キョウドテンモンカンブンカザイホカンコ（ツキジ）,,,,,,131024,,東京都中央区築地4-15-1,,,,,,35.666391,139.768187,,,,,,,,1040045,,,,,,,,,,,,,,,,,,,,,,,,,,,,
131024,1.31E+11,中央区,女性センター 「ブーケ21」,ジョセイセンター 「ブーケ21」,,,,,,131024,,東京都中央区湊1-1-1,,,,,,35.673615,139.778758,,,,,,,,1040043,,,,,,,,,,,,,,,,,,,,,,,,,,,,
131024,1.31E+11,中央区,産業会館,サンギョウカイカン,,,,,,131024,,東京都中央区東日本橋2-22-4,,,,,,35.694038,139.787131,,,,,,,,1030004,,,,,,,,,,,,,,,,,,,,,,,,,,,,
131024,1.31E+11,中央区,東日本橋住宅,ヒガシニホンバシジュウタク,,,,,,131024,,東京都中央区東日本橋2-22-4,,,,,,35.694038,139.787131,,,,,,,,1030004,,,,,,,,,,,,,,,,,,,,,,,,,,,,
131024,1.31E+11,中央区,総合スポーツセンター,ソウゴウスポーツセンター,,,,,,131024,,東京都中央区日本橋浜町2-59-1,,,,,,35.687126,139.789311,,,,,,,,1030007,,,,,,,,,,,,,,,,,,,,,,,,,,,,
131024,1.31E+11,中央区,総合スポーツセンター防災備蓄倉庫,ソウゴウスポーツセンターボウサイビチクソウコ,,,,,,131024,,東京都中央区日本橋浜町2-59-1,,,,,,35.687126,139.789311,,,,,,,,1030007,,,,,,,,,,,,,,,,,,,,,,,,,,,,
131024,1.31E+11,中央区,月島幼稚園,ツキシマヨウチエン,,,,,,131024,,東京都中央区月島1-9-7,,,,,,35.664709,139.782848,,,,,,,,1040052,,,,,,,,,,,,,,,,,,,,,,,,,,,,
131024,1.31E+11,中央区,月島スポーツプラザ,ツキシマスポーツプラザ,,,,,,131024,,東京都中央区月島1-9-7,,,,,,35.664709,139.782848,,,,,,,,1040052,,,,,,,,,,,,,,,,,,,,,,,,,,,,
131024,1.31E+11,中央区,月島西仲住宅,ツキシマニシナカジュウタク,,,,,,131024,,東京都中央区月島1-9-7,,,,,,35.664709,139.782848,,,,,,,,1040052,,,,,,,,,,,,,,,,,,,,,,,,,,,,
131024,1.31E+11,中央区,月島西仲まちづくり支援用施設（仮店舗）,ツキシマニシナカマチズクリシエンヨウシセツ（カリテンポ）,,,,,,131024,,東京都中央区月島1-9-7,,,,,,35.664709,139.782848,,,,,,,,1040052,,,,,,,,,,,,,,,,,,,,,,,,,,,,
131024,1.31E+11,中央区,月島西仲まちづくり支援用施設（仮住宅）,ツキシマニシナカマチズクリシエンヨウシセツ（カリジュウタク）,,,,,,131024,,東京都中央区月島1-9-7,,,,,,35.664709,139.782848,,,,,,,,1040052,,,,,,,,,,,,,,,,,,,,,,,,,,,,
131024,1.31E+11,中央区,月島運動場管理事務所,ツキシマウンドウジョウカンリジムショ,,,,,,131024,,東京都中央区晴海1-3-29,,,,,,35.659096,139.786397,,,,,,,,1040053,,,,,,,,,,,,,,,,,,,,,,,,,,,,
131024,1.31E+11,中央区,温浴プラザ「ほっとプラザはるみ」（休館中）,オンヨクプラザ「ホットプラザハルミ」（キュウカンチュウ）,,,,,,131024,,東京都中央区晴海5-2-3,,,,,,35.652023,139.774843,,,,,,,,1040053,,,,,,,,,,,,,,,,,,,,,,,,,,,,
131024,1.31E+11,中央区,中央清掃事務所晴海事業所,チュウオウセイソウジムショハルミジギョウショ,,,,,,131024,,東京都中央区晴海5-2-3,,,,,,35.652023,139.774843,,,,,,,,1040053,,,,,,,,,,,,,,,,,,,,,,,,,,,,
131024,1.31E+11,中央区,ほっとプラザはるみ防災備蓄倉庫・月島第三小学校副拠点倉庫,ホットプラザハルミボウサイビチクソウコ・ツキシマダイサンショウガッコウフクキョテンソウコ,,,,,,131024,,東京都中央区晴海5-2-3,,,,,,35.652023,139.774843,,,,,,,,1040053,,,,,,,,,,,,,,,,,,,,,,,,,,,,
131024,1.31E+11,中央区,伊豆高原荘,イズコウゲンソウ,,,,,,222089,,静岡県伊東市八幡野1283-36,,,,,,34.892026,139.10718,,,,,,,,4130232,,,,,,,,,,,,,,,,,,,,,,,,,,,,
131024,1.31E+11,中央区,区民健康村「ヴィラ本栖」,クミンケンコウムラ「ヴィラモトス」,,,,,,194301,,山梨県南都留郡富士河口湖町本栖字上の原218-119,,,,,,35.454184,138.602583,,,,,,,,4010337,,,,,,,,,,,,,,,,,,,,,,,,,,,,
131024,1.31E+11,中央区,豊海区民館,トヨミクミンカン,,,,,,131024,,東京都中央区勝どき6-7-8,,,,,,35.654876,139.773943,,,,,,,,1040054,,,,,,,,,,,,,,,,,,,,,,,,,,,,
131024,1.31E+11,中央区,豊海運動公園管理事務所,トヨミウンドウコウエンカンリジムショ,,,,,,131024,,東京都中央区勝どき6-7-8,,,,,,35.654876,139.773943,,,,,,,,1040054,,,,,,,,,,,,,,,,,,,,,,,,,,,,
131024,1.31E+11,中央区,公衆浴場銀座湯,コウシュウヨクジョウギンザユ,,,,,,131024,,東京都中央区銀座1-12-2,,,,,,35.674478,139.770216,,,,,,,,1040061,,,,,,,,,,,,,,,,,,,,,,,,,,,,
131024,1.31E+11,中央区,子ども家庭支援センター「きらら中央」,コドモカテイシエンセンター「キララチュウオウ」,,,,,,131024,,東京都中央区勝どき1-4-1,,,,,,35.660294,139.777204,,,,,,,,1040054,,,,,,,,,,,,,,,,,,,,,,,,,,,,
131024,1.31E+11,中央区,勝どき保育園,カチドキホイクエン,,,,,,131024,,東京都中央区勝どき1-4-1,,,,,,35.660294,139.777204,,,,,,,,1040054,,,,,,,,,,,,,,,,,,,,,,,,,,,,
131024,1.31E+11,中央区,区営勝どき住宅,クエイカチドキジュウタク,,,,,,131024,,東京都中央区勝どき1-4-1,,,,,,35.660294,139.777204,,,,,,,,1040054,,,,,,,,,,,,,,,,,,,,,,,,,,,,
131024,1.31E+11,中央区,築地児童館,ツキジジドウカン,,,,,,131024,,東京都中央区築地7-9-17,,,,,,35.666116,139.776029,,,,,,,,1040045,,,,,,,,,,,,,,,,,,,,,,,,,,,,
131024,1.31E+11,中央区,築地住宅,ツキジジュウタク,,,,,,131024,,東京都中央区築地7-9-17,,,,,,35.666116,139.776029,,,,,,,,1040045,,,,,,,,,,,,,,,,,,,,,,,,,,,,
131024,1.31E+11,中央区,佃児童館,ツクダジドウカン,,,,,,131024,,東京都中央区佃1-11-1,,,,,,35.668935,139.784725,,,,,,,,1040051,,,,,,,,,,,,,,,,,,,,,,,,,,,,
131024,1.31E+11,中央区,シニアセンター,シニアセンター,,,,,,131024,,東京都中央区佃1-11-1,,,,,,35.668935,139.784725,,,,,,,,1040051,,,,,,,,,,,,,,,,,,,,,,,,,,,,
131024,1.31E+11,中央区,勝どき児童館,カチドキジドウカン,,,,,,131024,,東京都中央区勝どき1-8-1,,,,,,35.659731,139.776705,,,,,,,,1040054,,,,,,,,,,,,,,,,,,,,,,,,,,,,
131024,1.31E+11,中央区,かちどき西保育園,カチドキニシホイクエン,,,,,,131024,,東京都中央区勝どき1-8-1,,,,,,35.659731,139.776705,,,,,,,,1040054,,,,,,,,,,,,,,,,,,,,,,,,,,,,
131024,1.31E+11,中央区,晴海児童館,ハルミジドウカン,,,,,,131024,,東京都中央区晴海2-4-31,,,,,,35.654888,139.783935,,,,,,,,1040053,,,,,,,,,,,,,,,,,,,,,,,,,,,,
131024,1.31E+11,中央区,晴海こども園,ハルミコドモエン,,,,,,131024,,東京都中央区晴海2-4-31,,,,,,35.654888,139.783935,,,,,,,,1040053,,,,,,,,,,,,,,,,,,,,,,,,,,,,
131024,1.31E+11,中央区,晴海児童館等複合施設防災備蓄倉庫,ハルミジドウカントウフクゴウシセツボウサイビチクソウコ,,,,,,131024,,東京都中央区晴海2-4-31,,,,,,35.654888,139.783935,,,,,,,,1040053,,,,,,,,,,,,,,,,,,,,,,,,,,,,
131024,1.31E+11,中央区,八丁堀保育園,ハッチョウボリホイクエン,,,,,,131024,,東京都中央区八丁堀4-5-10,,,,,,35.674,139.77586,,,,,,,,1040032,,,,,,,,,,,,,,,,,,,,,,,,,,,,
131024,1.31E+11,中央区,人形町保育園,ニンギョウチョウホイクエン,,,,,,131024,,東京都中央区日本橋人形町2-14-5,,,,,,35.684604,139.784833,,,,,,,,1030013,,,,,,,,,,,,,,,,,,,,,,,,,,,,
131024,1.31E+11,中央区,人形町区民館,ニンギョウチョウクミンカン,,,,,,131024,,東京都中央区日本橋人形町2-14-5,,,,,,35.684604,139.784833,,,,,,,,1030013,,,,,,,,,,,,,,,,,,,,,,,,,,,,
131024,1.31E+11,中央区,人形町認知症高齢者グループホーム,ニンギョウチョウニンチショウコウレイシャグループホーム,,,,,,131024,,東京都中央区日本橋人形町2-14-5,,,,,,35.684604,139.784833,,,,,,,,1030013,,,,,,,,,,,,,,,,,,,,,,,,,,,,
131024,1.31E+11,中央区,人形町保育園園庭,ニンギョウチョウホイクエンエンテイ,,,,,,131024,,東京都中央区日本橋人形町2-12-2,,,,,,35.684848,139.784482,,,,,,,,1030013,,,,,,,,,,,,,,,,,,,,,,,,,,,,
131024,1.31E+11,中央区,人形町保育園等複合施設駐輪場棟倉庫,ニンギョウチョウホイクエントウフクゴウシセツチュウリンジョウトウソウコ,,,,,,131024,,東京都中央区日本橋人形町2-12-2,,,,,,35.684848,139.784482,,,,,,,,1030013,,,,,,,,,,,,,,,,,,,,,,,,,,,,
131024,1.31E+11,中央区,人形町保育園等複合施設駐輪場棟防災備蓄倉庫,ニンギョウチョウホイクエントウフクゴウシセツチュウリンジョウトウボウサイビチクソウコ,,,,,,131024,,東京都中央区日本橋人形町2-12-2,,,,,,35.684848,139.784482,,,,,,,,1030013,,,,,,,,,,,,,,,,,,,,,,,,,,,,
131024,1.31E+11,中央区,人形町二丁目地下駐輪場,ニンギョウチョウニチョウメチカチュウリンジョウ,,,,,,131024,,東京都中央区日本橋人形町2-12-2,,,,,,35.684848,139.784482,,,,,,,,1030013,,,,,,,,,,,,,,,,,,,,,,,,,,,,
131024,1.31E+11,中央区,日本橋保育園,ニホンバシホイクエン,,,,,,131024,,東京都中央区日本橋蛎殻町1-1-2,,,,,,35.680752,139.783525,,,,,,,,1030014,,,,,,,,,,,,,,,,,,,,,,,,,,,,
131024,1.31E+11,中央区,つくだ保育園,ツクダホイクエン,,,,,,131024,,東京都中央区佃2-2-2,,,,,,35.666962,139.786849,,,,,,,,1040051,,,,,,,,,,,,,,,,,,,,,,,,,,,,
131024,1.31E+11,中央区,京橋こども園,キョウバシコドモエン,,,,,,131024,,東京都中央区京橋2-17-7,,,,,,35.676178,139.773408,,,,,,,,1040031,,,,,,,,,,,,,,,,,,,,,,,,,,,,
131024,1.31E+11,中央区,京橋こども園防災備蓄倉庫,キョウバシコドモエンボウサイビチクソウコ,,,,,,131024,,東京都中央区京橋2-17-7,,,,,,35.676178,139.773408,,,,,,,,1040031,,,,,,,,,,,,,,,,,,,,,,,,,,,,
131024,1.31E+11,中央区,月島三丁目認証保育所・月島三丁目障害者グループホーム,ツキシマサンチョウメニンショウホイクジョ・ツキシマサンチョウメショウガイシャグループホーム,,,,,,131024,,東京都中央区月島3-1-11,,,,,,35.6638,139.779487,,,,,,,,1040052,,,,,,,,,,,,,,,,,,,,,,,,,,,,
131024,1.31E+11,中央区,十思スクエア,ジッシスクエア,,,,,,131024,,東京都中央区日本橋小伝馬町5-1,,,,,,35.690907,139.776991,,,,,,,,1030001,,,,,,,,,,,,,,,,,,,,,,,,,,,,
131024,1.31E+11,中央区,日本橋おとしより相談センター,ニホンバシオトシヨリソウダンセンター,,,,,,131024,,東京都中央区日本橋小伝馬町5-1,,,,,,35.690907,139.776991,,,,,,,,1030001,,,,,,,,,,,,,,,,,,,,,,,,,,,,
131024,1.31E+11,中央区,子ども家庭支援センター十思分室,コドモカテイシエンセンタージッシブンシツ,,,,,,131024,,東京都中央区日本橋小伝馬町5-1,,,,,,35.690907,139.776991,,,,,,,,1030001,,,,,,,,,,,,,,,,,,,,,,,,,,,,
131024,1.31E+11,中央区,十思保育園,ジッシホイクエン,,,,,,131024,,東京都中央区日本橋小伝馬町5-1,,,,,,35.690907,139.776991,,,,,,,,1030001,,,,,,,,,,,,,,,,,,,,,,,,,,,,
131024,1.31E+11,中央区,放課後等デイサービス,ホウカゴトウデイサービス,,,,,,131024,,東京都中央区日本橋小伝馬町5-1,,,,,,35.690907,139.776991,,,,,,,,1030001,,,,,,,,,,,,,,,,,,,,,,,,,,,,
131024,1.31E+11,中央区,十思コミュニティルーム,ジッシコミュニティルーム,,,,,,131024,,東京都中央区日本橋小伝馬町5-1,,,,,,35.690907,139.776991,,,,,,,,1030001,,,,,,,,,,,,,,,,,,,,,,,,,,,,
131024,1.31E+11,中央区,協働ステーション中央,キョウドウステーションチュウオウ,,,,,,131024,,東京都中央区日本橋小伝馬町5-1,,,,,,35.690907,139.776991,,,,,,,,1030001,,,,,,,,,,,,,,,,,,,,,,,,,,,,
131024,1.31E+11,中央区,十思スクエア防災拠点倉庫,ジッシスクエアボウサイキョテンソウコ,,,,,,131024,,東京都中央区日本橋小伝馬町5-1,,,,,,35.690907,139.776991,,,,,,,,1030001,,,,,,,,,,,,,,,,,,,,,,,,,,,,
131024,1.31E+11,中央区,特別養護老人ホーム「マイホームはるみ」・高齢者在宅サービスセンター「マイホームはるみ」,トクベツヨウゴロウジンホーム「マイホームハルミ」・コウレイシャザイタクサービスセンター「マイホームハルミ」,,,,,,131024,,東京都中央区晴海1-5-1,,,,,,35.659858,139.784561,,,,,,,,1040053,,,,,,,,,,,,,,,,,,,,,,,,,,,,
131024,1.31E+11,中央区,晴海保育園,ハルミホイクエン,,,,,,131024,,東京都中央区晴海1-5-1,,,,,,35.659858,139.784561,,,,,,,,1040053,,,,,,,,,,,,,,,,,,,,,,,,,,,,
131024,1.31E+11,中央区,晴海中学校,ハルミチュウガッコウ,,,,,,131024,,東京都中央区晴海1-5-1,,,,,,35.659858,139.784561,,,,,,,,1040053,,,,,,,,,,,,,,,,,,,,,,,,,,,,
131024,1.31E+11,中央区,晴海中学校防災拠点倉庫,ハルミチュウガッコウボウサイキョテンソウコ,,,,,,131024,,東京都中央区晴海1-5-1,,,,,,35.659858,139.784561,,,,,,,,1040053,,,,,,,,,,,,,,,,,,,,,,,,,,,,
131024,1.31E+11,中央区,月島一丁目地域密着型特別養護老人ホーム,ツキシマイッチョウメチイキミッチャクガタトクベツヨウゴロウジンホーム,,,,,,131024,,東京都中央区月島1-5-2,,,,,,35.663831,139.783293,,,,,,,,1040052,,,,,,,,,,,,,,,,,,,,,,,,,,,,
131024,1.31E+11,中央区,介護老人保健施設リハポート明石,カイゴロウジンホケンシセツリハポートアカシ,,,,,,131024,,東京都中央区明石町1-6,,,,,,35.669285,139.776757,,,,,,,,1040044,,,,,,,,,,,,,,,,,,,,,,,,,,,,
131024,1.31E+11,中央区,知的障害者生活支援施設レインボーハウス明石,チテキショウガイシャセイカツシエンシセツレインボーハウスアカシ,,,,,,131024,,東京都中央区明石町1-6,,,,,,35.669285,139.776757,,,,,,,,1040044,,,,,,,,,,,,,,,,,,,,,,,,,,,,
131024,1.31E+11,中央区,京橋おとしより相談センター,キョウバシオトシヨリソウダンセンター,,,,,,131024,,東京都中央区明石町1-6,,,,,,35.669285,139.776757,,,,,,,,1040044,,,,,,,,,,,,,,,,,,,,,,,,,,,,
131024,1.31E+11,中央区,郷土天文館文化財保管庫（明石町）,キョウドテンモンカンブンカザイホカンコ（アカシチョウ）,,,,,,131024,,東京都中央区明石町1-6,,,,,,35.669285,139.776757,,,,,,,,1040044,,,,,,,,,,,,,,,,,,,,,,,,,,,,
131024,1.31E+11,中央区,佃認知症高齢者グループホーム「相生の里」,ツクダニンチショウコウレイシャグループホーム「アイオイノサト」,,,,,,131024,,東京都中央区佃3-1-15,,,,,,35.665875,139.787306,,,,,,,,1040051,,,,,,,,,,,,,,,,,,,,,,,,,,,,
131024,1.31E+11,中央区,特別養護老人ホーム「マイホーム新川」・高齢者在宅サービスセンター「マイホーム新川」,トクベツヨウゴロウジンホーム「マイホームシンカワ」・コウレイシャザイタクサービスセンター「マイホームシンカワ」,,,,,,131024,,東京都中央区新川2-27-3,,,,,,35.673732,139.784036,,,,,,,,1040033,,,,,,,,,,,,,,,,,,,,,,,,,,,,
131024,1.31E+11,中央区,マイホーム新川居宅介護支援事業所,マイホームシンカワキョタクカイゴシエンジギョウショ,,,,,,131024,,東京都中央区新川2-27-3,,,,,,35.673732,139.784036,,,,,,,,1040033,,,,,,,,,,,,,,,,,,,,,,,,,,,,
131024,1.31E+11,中央区,浜町敬老館,ハマチョウケイロウカン,,,,,,131024,,東京都中央区日本橋浜町3-37-1,,,,,,35.685469,139.791346,,,,,,,,1030007,,,,,,,,,,,,,,,,,,,,,,,,,,,,
131024,1.31E+11,中央区,浜町保育園,ハマチョウホイクエン,,,,,,131024,,東京都中央区日本橋浜町3-37-1,,,,,,35.685469,139.791346,,,,,,,,1030007,,,,,,,,,,,,,,,,,,,,,,,,,,,,
131024,1.31E+11,中央区,浜町児童館,ハマチョウジドウカン,,,,,,131024,,東京都中央区日本橋浜町3-37-1,,,,,,35.685469,139.791346,,,,,,,,1030007,,,,,,,,,,,,,,,,,,,,,,,,,,,,
131024,1.31E+11,中央区,浜町区民館,ハマチョウクミンカン,,,,,,131024,,東京都中央区日本橋浜町3-37-1,,,,,,35.685469,139.791346,,,,,,,,1030007,,,,,,,,,,,,,,,,,,,,,,,,,,,,
131024,1.31E+11,中央区,浜町高齢者トレーニングルーム,ハマチョウコウレイシャトレーニングルーム,,,,,,131024,,東京都中央区日本橋浜町3-3-1,,,,,,35.684471,139.788123,,,,,,,,1030007,,,,,,,,,,,,,,,,,,,,,,,,,,,,
131024,1.31E+11,中央区,障害者就労促進施設さわやかワーク中央,ショウガイシャシュウロウソクシンシセツサワヤカワークチュウオウ,,,,,,131024,,東京都中央区東日本橋2-27-12,,,,,,35.695455,139.785711,,,,,,,,1030004,,,,,,,,,,,,,,,,,,,,,,,,,,,,
131024,1.31E+11,中央区,中央区保健所,チュウオウクホケンジョ,,,,,,131024,,東京都中央区明石町12-1,,,,,,35.666634,139.776764,,,,,,,,1040044,,,,,,,,,,,,,,,,,,,,,,,,,,,,
131024,1.31E+11,中央区,中央区休日応急歯科診療所,チュウオウクキュウジツオウキュウシカシンリョウジョ,,,,,,131024,,東京都中央区明石町12-1,,,,,,35.666634,139.776764,,,,,,,,1040044,,,,,,,,,,,,,,,,,,,,,,,,,,,,
131024,1.31E+11,中央区,明石町保育園,アカシチョウホイクエン,,,,,,131024,,東京都中央区明石町12-1,,,,,,35.666634,139.776764,,,,,,,,1040044,,,,,,,,,,,,,,,,,,,,,,,,,,,,
131024,1.31E+11,中央区,福祉センター,フクシセンター,,,,,,131024,,東京都中央区明石町12-1,,,,,,35.666634,139.776764,,,,,,,,1040044,,,,,,,,,,,,,,,,,,,,,,,,,,,,
131024,1.31E+11,中央区,障害者地域活動支援センターポケット中央,ショウガイシャチイキカツドウシエンセンターポケットチュウオウ,,,,,,131024,,東京都中央区明石町12-1,,,,,,35.666634,139.776764,,,,,,,,1040044,,,,,,,,,,,,,,,,,,,,,,,,,,,,
131024,1.31E+11,中央区,教育センター,キョウイクセンター,,,,,,131024,,東京都中央区明石町12-1,,,,,,35.666634,139.776764,,,,,,,,1040044,,,,,,,,,,,,,,,,,,,,,,,,,,,,
131024,1.31E+11,中央区,子ども発達支援センターゆりのき,コドモハッタツシエンセンターユリノキ,,,,,,131024,,東京都中央区明石町12-1,,,,,,35.666634,139.776764,,,,,,,,1040044,,,,,,,,,,,,,,,,,,,,,,,,,,,,
131024,1.31E+11,中央区,日本橋保健センター,ニホンバシホケンセンター,,,,,,131024,,東京都中央区日本橋堀留町1-1-1,,,,,,35.687441,139.778992,,,,,,,,1030012,,,,,,,,,,,,,,,,,,,,,,,,,,,,
131024,1.31E+11,中央区,堀留町区民館,ホリドメチョウクミンカン,,,,,,131024,,東京都中央区日本橋堀留町1-1-1,,,,,,35.687441,139.778992,,,,,,,,1030012,,,,,,,,,,,,,,,,,,,,,,,,,,,,
131024,1.31E+11,中央区,堀留町保育園,ホリドメチョウホイクエン,,,,,,131024,,東京都中央区日本橋堀留町1-1-1,,,,,,35.687441,139.778992,,,,,,,,1030012,,,,,,,,,,,,,,,,,,,,,,,,,,,,
131024,1.31E+11,中央区,堀留町児童館,ホリドメチョウジドウカン,,,,,,131024,,東京都中央区日本橋堀留町1-1-1,,,,,,35.687441,139.778992,,,,,,,,1030012,,,,,,,,,,,,,,,,,,,,,,,,,,,,
131024,1.31E+11,中央区,堀留町高齢者住宅,ホリドメチョウコウレイシャジュウタク,,,,,,131024,,東京都中央区日本橋堀留町1-1-1,,,,,,35.687441,139.778992,,,,,,,,1030012,,,,,,,,,,,,,,,,,,,,,,,,,,,,
131024,1.31E+11,中央区,日本橋高齢者在宅サービスセンター,ニホンバシコウレイシャザイタクサービスセンター,,,,,,131024,,東京都中央区日本橋堀留町1-1-1,,,,,,35.687441,139.778992,,,,,,,,1030012,,,,,,,,,,,,,,,,,,,,,,,,,,,,
131024,1.31E+11,中央区,日本橋保健センター防災活動資器材庫,ニホンバシホケンセンターボウサイカツドウシキザイコ,,,,,,131024,,東京都中央区日本橋堀留町1-1-1,,,,,,35.687441,139.778992,,,,,,,,1030012,,,,,,,,,,,,,,,,,,,,,,,,,,,,
131024,1.31E+11,中央区,月島保健センター,ツキシマホケンセンター,,,,,,131024,,東京都中央区月島2-10-3,,,,,,35.663152,139.783988,,,,,,,,1040052,,,,,,,,,,,,,,,,,,,,,,,,,,,,
131024,1.31E+11,中央区,月島保育園,ツキシマホイクエン,,,,,,131024,,東京都中央区月島2-10-3,,,,,,35.663152,139.783988,,,,,,,,1040052,,,,,,,,,,,,,,,,,,,,,,,,,,,,
131024,1.31E+11,中央区,区営月島四丁目アパート,クエイツキシマヨンチョウメアパート,,,,,,131024,,東京都中央区月島4-19-13,,,,,,35.659236,139.781421,,,,,,,,1040052,,,,,,,,,,,,,,,,,,,,,,,,,,,,
131024,1.31E+11,中央区,晴海職員住宅・晴海教職員住宅,ハルミショクインジュウタク・ハルミキョウショクインジュウタク,,,,,,131024,,東京都中央区晴海3-11-10,,,,,,35.654216,139.778716,,,,,,,,1040053,,,,,,,,,,,,,,,,,,,,,,,,,,,,
131024,1.31E+11,中央区,晴海住宅,ハルミジュウタク,,,,,,131024,,東京都中央区晴海3-11-10,,,,,,35.654216,139.778716,,,,,,,,1040053,,,,,,,,,,,,,,,,,,,,,,,,,,,,
131024,1.31E+11,中央区,晴海備蓄倉庫,ハルミビチクソウコ,,,,,,131024,,東京都中央区晴海3-11-10,,,,,,35.654216,139.778716,,,,,,,,1040053,,,,,,,,,,,,,,,,,,,,,,,,,,,,
131024,1.31E+11,中央区,八丁堀住宅,ハッチョウボリジュウタク,,,,,,131024,,東京都中央区八丁堀4-5-5,,,,,,35.673996,139.775054,,,,,,,,1040032,,,,,,,,,,,,,,,,,,,,,,,,,,,,
131024,1.31E+11,中央区,箱崎町住宅,ハコザキチョウジュウタク,,,,,,131024,,東京都中央区日本橋箱崎町22-10,,,,,,35.681208,139.785853,,,,,,,,1030015,,,,,,,,,,,,,,,,,,,,,,,,,,,,
131024,1.31E+11,中央区,箱崎町公衆便所・倉庫,ハコザキチョウコウシュウベンジョ・ソウコ,,,,,,131024,,東京都中央区日本橋箱崎町22-10,,,,,,35.681208,139.785853,,,,,,,,1030015,,,,,,,,,,,,,,,,,,,,,,,,,,,,
131024,1.31E+11,中央区,箱崎町コミュニティルーム,ハコザキチョウコミュニティルーム,,,,,,131024,,東京都中央区日本橋箱崎町22-10,,,,,,35.681208,139.785853,,,,,,,,1030015,,,,,,,,,,,,,,,,,,,,,,,,,,,,
131024,1.31E+11,中央区,区立箱崎町住宅防災備蓄倉庫,クリツハコザキチョウジュウタクボウサイビチクソウコ,,,,,,131024,,東京都中央区日本橋箱崎町22-10,,,,,,35.681208,139.785853,,,,,,,,1030015,,,,,,,,,,,,,,,,,,,,,,,,,,,,
131024,1.31E+11,中央区,明石町住宅,アカシチョウジュウタク,,,,,,131024,,東京都中央区明石町14-2,,,,,,35.665783,139.77819,,,,,,,,1040044,,,,,,,,,,,,,,,,,,,,,,,,,,,,
131024,1.31E+11,中央区,リサイクルハウスかざぐるま明石町,リサイクルハウスカザグルマアカシチョウ,,,,,,131024,,東京都中央区明石町14-2,,,,,,35.665783,139.77819,,,,,,,,1040044,,,,,,,,,,,,,,,,,,,,,,,,,,,,
131024,1.31E+11,中央区,築地あかつき住宅,ツキジアカツキジュウタク,,,,,,131024,,東京都中央区築地7-9-13,,,,,,35.665738,139.776487,,,,,,,,1040045,,,,,,,,,,,,,,,,,,,,,,,,,,,,
131024,1.31E+11,中央区,築地あかつき高齢者住宅,ツキジアカツキコウレイシャジュウタク,,,,,,131024,,東京都中央区築地7-9-13,,,,,,35.665738,139.776487,,,,,,,,1040045,,,,,,,,,,,,,,,,,,,,,,,,,,,,
131024,1.31E+11,中央区,小児がん等患児・家族宿泊施設,ショウニガントウカンジ・カゾクシュクハクシセツ,,,,,,131024,,東京都中央区築地7-9-13,,,,,,35.665738,139.776487,,,,,,,,1040045,,,,,,,,,,,,,,,,,,,,,,,,,,,,
131024,1.31E+11,中央区,築地あかつきコミュニティルーム,ツキジアカツキコミュニティルーム,,,,,,131024,,東京都中央区築地7-9-13,,,,,,35.665738,139.776487,,,,,,,,1040045,,,,,,,,,,,,,,,,,,,,,,,,,,,,
131024,1.31E+11,中央区,築地あかつきコミュニティルーム防災備蓄倉庫,ツキジアカツキコミュニティルームボウサイビチクソウコ,,,,,,131024,,東京都中央区築地7-9-13,,,,,,35.665738,139.776487,,,,,,,,1040045,,,,,,,,,,,,,,,,,,,,,,,,,,,,
131024,1.31E+11,中央区,区立住宅「勝どきサンスクェア」,クリツジュウタク「カチドキサンスクェア」,,,,,,131024,,東京都中央区勝どき1-7-2,,,,,,35.65983,139.777672,,,,,,,,1040054,,,,,,,,,,,,,,,,,,,,,,,,,,,,
131024,1.31E+11,中央区,区立住宅「晴海ガーデンコート」,クリツジュウタク「ハルミガーデンコート」,,,,,,131024,,東京都中央区晴海1-7-1,,,,,,35.658086,139.785204,,,,,,,,1040053,,,,,,,,,,,,,,,,,,,,,,,,,,,,
131024,1.31E+11,中央区,高齢者住宅晴海ガーデンコート・ひとり親世帯住宅晴海ガーデンコート,コウレイシャジュウタクハルミガーデンコート・ヒトリオヤセタイジュウタクハルミガーデンコート,,,,,,131024,,東京都中央区晴海1-7-1,,,,,,35.658086,139.785204,,,,,,,,1040053,,,,,,,,,,,,,,,,,,,,,,,,,,,,
131024,1.31E+11,中央区,区立住宅「銀座ファースト」,クリツジュウタク「ギンザファースト」,,,,,,131024,,東京都中央区銀座1-10-16,,,,,,35.673729,139.769173,,,,,,,,1040061,,,,,,,,,,,,,,,,,,,,,,,,,,,,
131024,1.31E+11,中央区,区立住宅「晴海アーバンプラザ」,クリツジュウタク「ハルミアーバンプラザ」,,,,,,131024,,東京都中央区晴海1-8-7,,,,,,35.657098,139.782332,,,,,,,,1040053,,,,,,,,,,,,,,,,,,,,,,,,,,,,
131024,1.31E+11,中央区,ひとり親世帯住宅晴海アーバンプラザ,ヒトリオヤセタイジュウタクハルミアーバンプラザ,,,,,,131024,,東京都中央区晴海1-8-7,,,,,,35.657098,139.782332,,,,,,,,1040053,,,,,,,,,,,,,,,,,,,,,,,,,,,,
131024,1.31E+11,中央区,晴海区民館,ハルミクミンカン,,,,,,131024,,東京都中央区晴海1-8-7,,,,,,35.657098,139.782332,,,,,,,,1040053,,,,,,,,,,,,,,,,,,,,,,,,,,,,
131024,1.31E+11,中央区,晴海区民館防災備蓄倉庫,ハルミクミンカンボウサイビチクソウコ,,,,,,131024,,東京都中央区晴海1-8-7,,,,,,35.657098,139.782332,,,,,,,,1040053,,,,,,,,,,,,,,,,,,,,,,,,,,,,
131024,1.31E+11,中央区,泰明小学校,タイメイショウガッコウ,,,,,,131024,,東京都中央区銀座5-1-13,,,,,,35.672383,139.761495,,,,,,,,1040061,,,,,,,,,,,,,,,,,,,,,,,,,,,,
131024,1.31E+11,中央区,泰明幼稚園,タイメイヨウチエン,,,,,,131024,,東京都中央区銀座5-1-13,,,,,,35.672383,139.761495,,,,,,,,1040061,,,,,,,,,,,,,,,,,,,,,,,,,,,,
131024,1.31E+11,中央区,泰明小学校防災拠点倉庫,タイメイショウガッコウボウサイキョテンソウコ,,,,,,131024,,東京都中央区銀座5-1-13,,,,,,35.672383,139.761495,,,,,,,,1040061,,,,,,,,,,,,,,,,,,,,,,,,,,,,
131024,1.31E+11,中央区,中央小学校,チュウオウショウガッコウ,,,,,,131024,,東京都中央区湊1-4-1,,,,,,35.672171,139.77876,,,,,,,,1040043,,,,,,,,,,,,,,,,,,,,,,,,,,,,
131024,1.31E+11,中央区,中央幼稚園,チュウオウヨウチエン,,,,,,131024,,東京都中央区湊1-4-1,,,,,,35.672171,139.77876,,,,,,,,1040043,,,,,,,,,,,,,,,,,,,,,,,,,,,,
131024,1.31E+11,中央区,中央小学校防災拠点倉庫,チュウオウショウガッコウボウサイキョテンソウコ,,,,,,131024,,東京都中央区湊1-4-1,,,,,,35.672171,139.77876,,,,,,,,1040043,,,,,,,,,,,,,,,,,,,,,,,,,,,,
131024,1.31E+11,中央区,明石小学校,アカシショウガッコウ,,,,,,131024,,東京都中央区明石町1-15,,,,,,35.668734,139.776472,,,,,,,,1040044,,,,,,,,,,,,,,,,,,,,,,,,,,,,
131024,1.31E+11,中央区,明石幼稚園,アカシヨウチエン,,,,,,131024,,東京都中央区明石町1-15,,,,,,35.668734,139.776472,,,,,,,,1040044,,,,,,,,,,,,,,,,,,,,,,,,,,,,
131024,1.31E+11,中央区,明石小学校防災拠点倉庫,アカシショウガッコウボウサイキョテンソウコ,,,,,,131024,,東京都中央区明石町1-15,,,,,,35.668734,139.776472,,,,,,,,1040044,,,,,,,,,,,,,,,,,,,,,,,,,,,,
131024,1.31E+11,中央区,京橋築地小学校,キョウバシツキジショウガッコウ,,,,,,131024,,東京都中央区築地2-13-1,,,,,,35.667975,139.771173,,,,,,,,1040045,,,,,,,,,,,,,,,,,,,,,,,,,,,,
131024,1.31E+11,中央区,京橋朝海幼稚園,キョウバシチョウカイヨウチエン,,,,,,131024,,東京都中央区築地2-13-1,,,,,,35.667975,139.771173,,,,,,,,1040045,,,,,,,,,,,,,,,,,,,,,,,,,,,,
131024,1.31E+11,中央区,京橋築地小学校防災拠点倉庫,キョウバシツキジショウガッコウボウサイキョテンソウコ,,,,,,131024,,東京都中央区築地2-13-1,,,,,,35.667975,139.771173,,,,,,,,1040045,,,,,,,,,,,,,,,,,,,,,,,,,,,,
131024,1.31E+11,中央区,明正小学校,メイショウショウガッコウ,,,,,,131024,,東京都中央区新川2-13-4,,,,,,35.676011,139.781852,,,,,,,,1040033,,,,,,,,,,,,,,,,,,,,,,,,,,,,
131024,1.31E+11,中央区,明正幼稚園,メイショウヨウチエン,,,,,,131024,,東京都中央区新川2-13-4,,,,,,35.676011,139.781852,,,,,,,,1040033,,,,,,,,,,,,,,,,,,,,,,,,,,,,
131024,1.31E+11,中央区,明正小学校防災拠点倉庫,メイショウショウガッコウボウサイキョテンソウコ,,,,,,131024,,東京都中央区新川2-13-4,,,,,,35.676011,139.781852,,,,,,,,1040033,,,,,,,,,,,,,,,,,,,,,,,,,,,,
131024,1.31E+11,中央区,新川児童館,シンカワジドウカン,,,,,,131024,,東京都中央区新川2-13-4,,,,,,35.676011,139.781852,,,,,,,,1040033,,,,,,,,,,,,,,,,,,,,,,,,,,,,
131024,1.31E+11,中央区,常盤小学校,トキワショウガッコウ,,,,,,131024,,東京都中央区日本橋本石町4-4-26,,,,,,35.688038,139.770509,,,,,,,,1030021,,,,,,,,,,,,,,,,,,,,,,,,,,,,
131024,1.31E+11,中央区,常盤幼稚園（休園中）,トキワヨウチエン（キュウエンチュウ）,,,,,,131024,,東京都中央区日本橋本石町4-4-26,,,,,,35.688038,139.770509,,,,,,,,1030021,,,,,,,,,,,,,,,,,,,,,,,,,,,,
131024,1.31E+11,中央区,常盤小学校防災拠点倉庫,トキワショウガッコウボウサイキョテンソウコ,,,,,,131024,,東京都中央区日本橋本石町4-4-26,,,,,,35.688038,139.770509,,,,,,,,1030021,,,,,,,,,,,,,,,,,,,,,,,,,,,,
131024,1.31E+11,中央区,日本橋小学校,ニホンバシショウガッコウ,,,,,,131024,,東京都中央区日本橋人形町1-1-17,,,,,,35.684273,139.78123,,,,,,,,1030013,,,,,,,,,,,,,,,,,,,,,,,,,,,,
131024,1.31E+11,中央区,日本橋幼稚園,ニホンバシヨウチエン,,,,,,131024,,東京都中央区日本橋人形町1-1-17,,,,,,35.684273,139.78123,,,,,,,,1030013,,,,,,,,,,,,,,,,,,,,,,,,,,,,
131024,1.31E+11,中央区,日本橋小学校防災拠点倉庫,ニホンバシショウガッコウボウサイキョテンソウコ,,,,,,131024,,東京都中央区日本橋人形町1-1-17,,,,,,35.684273,139.78123,,,,,,,,1030013,,,,,,,,,,,,,,,,,,,,,,,,,,,,
131024,1.31E+11,中央区,日本橋図書館,ニホンバシトショカン,,,,,,131024,,東京都中央区日本橋人形町1-1-17,,,,,,35.684273,139.78123,,,,,,,,1030013,,,,,,,,,,,,,,,,,,,,,,,,,,,,
131024,1.31E+11,中央区,日本橋社会教育会館,ニホンバシシャカイキョウイクカイカン,,,,,,131024,,東京都中央区日本橋人形町1-1-17,,,,,,35.684273,139.78123,,,,,,,,1030013,,,,,,,,,,,,,,,,,,,,,,,,,,,,
131024,1.31E+11,中央区,人形町駐車場,ニンギョウチョウチュウシャジョウ,,,,,,131024,,東京都中央区日本橋人形町1-1-17,,,,,,35.684273,139.78123,,,,,,,,1030013,,,,,,,,,,,,,,,,,,,,,,,,,,,,
131024,1.31E+11,中央区,有馬小学校,アリマショウガッコウ,,,,,,131024,,東京都中央区日本橋蛎殻町2-10-23,,,,,,35.683219,139.787989,,,,,,,,1030014,,,,,,,,,,,,,,,,,,,,,,,,,,,,
131024,1.31E+11,中央区,有馬小学校防災拠点倉庫,アリマショウガッコウボウサイキョテンソウコ,,,,,,131024,,東京都中央区日本橋蛎殻町2-10-23,,,,,,35.683219,139.787989,,,,,,,,1030014,,,,,,,,,,,,,,,,,,,,,,,,,,,,
131024,1.31E+11,中央区,有馬幼稚園,アリマヨウチエン,,,,,,131024,,東京都中央区日本橋蛎殻町2-10-23,,,,,,35.683219,139.787989,,,,,,,,1030014,,,,,,,,,,,,,,,,,,,,,,,,,,,,
131024,1.31E+11,中央区,久松小学校,ヒサマツショウガッコウ,,,,,,131024,,東京都中央区日本橋久松町7-2,,,,,,35.689056,139.784355,,,,,,,,1030005,,,,,,,,,,,,,,,,,,,,,,,,,,,,
131024,1.31E+11,中央区,久松幼稚園,ヒサマツヨウチエン,,,,,,131024,,東京都中央区日本橋久松町7-2,,,,,,35.689056,139.784355,,,,,,,,1030005,,,,,,,,,,,,,,,,,,,,,,,,,,,,
131024,1.31E+11,中央区,久松小学校防災拠点倉庫,ヒサマツショウガッコウボウサイキョテンソウコ,,,,,,131024,,東京都中央区日本橋久松町7-2,,,,,,35.689056,139.784355,,,,,,,,1030005,,,,,,,,,,,,,,,,,,,,,,,,,,,,
131024,1.31E+11,中央区,佃島小学校,ツクダジマショウガッコウ,,,,,,131024,,東京都中央区佃2-3-1,,,,,,35.668599,139.784518,,,,,,,,1040051,,,,,,,,,,,,,,,,,,,,,,,,,,,,
131024,1.31E+11,中央区,佃中学校,ツクダチュウガッコウ,,,,,,131024,,東京都中央区佃2-3-1,,,,,,35.668599,139.784518,,,,,,,,1040051,,,,,,,,,,,,,,,,,,,,,,,,,,,,
131024,1.31E+11,中央区,佃島小学校・佃中学校防災拠点倉庫,ツクダジマショウガッコウ・ツクダチュウガッコウボウサイキョテンソウコ,,,,,,131024,,東京都中央区佃2-3-1,,,,,,35.668599,139.784518,,,,,,,,1040051,,,,,,,,,,,,,,,,,,,,,,,,,,,,
131024,1.31E+11,中央区,月島第一小学校,ツキシマダイイチショウガッコウ,,,,,,131024,,東京都中央区月島4-15-1,,,,,,35.660674,139.780093,,,,,,,,1040052,,,,,,,,,,,,,,,,,,,,,,,,,,,,
131024,1.31E+11,中央区,月島第一幼稚園,ツキシマダイイチヨウチエン,,,,,,131024,,東京都中央区月島4-15-1,,,,,,35.660674,139.780093,,,,,,,,1040052,,,,,,,,,,,,,,,,,,,,,,,,,,,,
131024,1.31E+11,中央区,月島第一小学校防災拠点倉庫,ツキシマダイイチショウガッコウボウサイキョテンソウコ,,,,,,131024,,東京都中央区月島4-15-1,,,,,,35.660674,139.780093,,,,,,,,1040052,,,,,,,,,,,,,,,,,,,,,,,,,,,,
131024,1.31E+11,中央区,月島第二小学校,ツキシマダイニショウガッコウ,,,,,,131024,,東京都中央区勝どき1-12-2,,,,,,35.66017,139.775931,,,,,,,,1040054,,,,,,,,,,,,,,,,,,,,,,,,,,,,
131024,1.31E+11,中央区,月島第二幼稚園,ツキシマダイニヨウチエン,,,,,,131024,,東京都中央区勝どき1-12-2,,,,,,35.66017,139.775931,,,,,,,,1040054,,,,,,,,,,,,,,,,,,,,,,,,,,,,
131024,1.31E+11,中央区,月島第二小学校防災拠点倉庫,ツキシマダイニショウガッコウボウサイキョテンソウコ,,,,,,131024,,東京都中央区勝どき1-12-2,,,,,,35.66017,139.775931,,,,,,,,1040054,,,,,,,,,,,,,,,,,,,,,,,,,,,,
131024,1.31E+11,中央区,月島第三小学校,ツキシマダイサンショウガッコウ,,,,,,131024,,東京都中央区晴海1-4-1,,,,,,35.658848,139.785703,,,,,,,,1040053,,,,,,,,,,,,,,,,,,,,,,,,,,,,
131024,1.31E+11,中央区,晴海幼稚園,ハルミヨウチエン,,,,,,131024,,東京都中央区晴海1-4-1,,,,,,35.658848,139.785703,,,,,,,,1040053,,,,,,,,,,,,,,,,,,,,,,,,,,,,
131024,1.31E+11,中央区,月島第三小学校防災拠点倉庫,ツキシマダイサンショウガッコウボウサイキョテンソウコ,,,,,,131024,,東京都中央区晴海1-4-1,,,,,,35.658848,139.785703,,,,,,,,1040053,,,,,,,,,,,,,,,,,,,,,,,,,,,,
131024,1.31E+11,中央区,月島社会教育会館晴海分館「アートはるみ」,ツキシマシャカイキョウイクカイカンハルミブンカン「アートハルミ」,,,,,,131024,,東京都中央区晴海1-4-1,,,,,,35.658848,139.785703,,,,,,,,1040053,,,,,,,,,,,,,,,,,,,,,,,,,,,,
131024,1.31E+11,中央区,福祉センターふれあい作業所,フクシセンターフレアイサギョウショ,,,,,,131024,,東京都中央区晴海1-4-1,,,,,,35.658848,139.785703,,,,,,,,1040053,,,,,,,,,,,,,,,,,,,,,,,,,,,,
131024,1.31E+11,中央区,郷土天文館文化財保管庫（月島）,キョウドテンモンカンブンカザイホカンコ（ツキシマ）,,,,,,131024,,東京都中央区晴海1-4-1,,,,,,35.658848,139.785703,,,,,,,,1040053,,,,,,,,,,,,,,,,,,,,,,,,,,,,
131024,1.31E+11,中央区,豊海小学校,トヨミショウガッコウ,,,,,,131024,,東京都中央区豊海町3-1,,,,,,35.653413,139.771548,,,,,,,,1040055,,,,,,,,,,,,,,,,,,,,,,,,,,,,
131024,1.31E+11,中央区,豊海幼稚園,トヨミヨウチエン,,,,,,131024,,東京都中央区豊海町3-1,,,,,,35.653413,139.771548,,,,,,,,1040055,,,,,,,,,,,,,,,,,,,,,,,,,,,,
131024,1.31E+11,中央区,豊海小学校防災拠点倉庫,トヨミショウガッコウボウサイキョテンソウコ,,,,,,131024,,東京都中央区豊海町3-1,,,,,,35.653413,139.771548,,,,,,,,1040055,,,,,,,,,,,,,,,,,,,,,,,,,,,,
131024,1.31E+11,中央区,銀座中学校,ギンザチュウガッコウ,,,,,,131024,,東京都中央区銀座8-19-15,,,,,,35.665512,139.764854,,,,,,,,1040061,,,,,,,,,,,,,,,,,,,,,,,,,,,,
131024,1.31E+11,中央区,銀座中学校防災拠点倉庫,ギンザチュウガッコウボウサイキョテンソウコ,,,,,,131024,,東京都中央区銀座8-19-15,,,,,,35.665512,139.764854,,,,,,,,1040061,,,,,,,,,,,,,,,,,,,,,,,,,,,,
131024,1.31E+11,中央区,日本橋中学校,ニホンバシチュウガッコウ,,,,,,131024,,東京都中央区東日本橋1-10-1,,,,,,35.691933,139.786993,,,,,,,,1030004,,,,,,,,,,,,,,,,,,,,,,,,,,,,
131024,1.31E+11,中央区,日本橋中学校防災拠点倉庫,ニホンバシチュウガッコウボウサイキョテンソウコ,,,,,,131024,,東京都中央区東日本橋1-10-1,,,,,,35.691933,139.786993,,,,,,,,1030004,,,,,,,,,,,,,,,,,,,,,,,,,,,,
131024,1.31E+11,中央区,柏学園,カシワガクエン,,,,,,122173,,千葉県柏市柏1236-1,,,,,,35.863214,139.99022,,,,,,,,2770005,,,,,,,,,,,,,,,,,,,,,,,,,,,,
131024,1.31E+11,中央区,宇佐美学園,ウサミガクエン,,,,,,222089,,静岡県伊東市宇佐美545,,,,,,35.01362,139.083078,,,,,,,,4140001,,,,,,,,,,,,,,,,,,,,,,,,,,,,
131024,1.31E+11,中央区,中央清掃事務所月島粗大中継所,チュウオウセイソウジムショツキシマソダイチュウケイジョ,,,,,,131024,,東京都中央区京橋1-19-6,,,,,,35.677045,139.773938,,,,,,,,1040031,,,,,,,,,,,,,,,,,,,,,,,,,,,,
131024,1.31E+11,中央区,リサイクルハウスかざぐるま箱崎町,リサイクルハウスカザグルマハコザキチョウ,,,,,,131024,,東京都中央区日本橋箱崎町36-15,,,,,,35.681155,139.789059,,,,,,,,1030015,,,,,,,,,,,,,,,,,,,,,,,,,,,,
131024,1.31E+11,中央区,中央清掃事務所日本橋待機所,チュウオウセイソウジムショニホンバシタイキジョ,,,,,,131024,,東京都中央区日本橋箱崎町36-15,,,,,,35.681155,139.789059,,,,,,,,1030015,,,,,,,,,,,,,,,,,,,,,,,,,,,,
131024,1.31E+11,中央区,湊職員住宅,ミナトショクインジュウタク,,,,,,131024,,東京都中央区湊1-1-9,,,,,,35.673311,139.78002,,,,,,,,1040043,,,,,,,,,,,,,,,,,,,,,,,,,,,,
131024,1.31E+11,中央区,湊コミュニティルーム,ミナトコミュニティルーム,,,,,,131024,,東京都中央区湊1-1-9,,,,,,35.673311,139.78002,,,,,,,,1040043,,,,,,,,,,,,,,,,,,,,,,,,,,,,
131024,1.31E+11,中央区,湊コミュニティルーム防災備蓄倉庫,ミナトコミュニティルームボウサイビチクソウコ,,,,,,131024,,東京都中央区湊1-1-9,,,,,,35.673311,139.78002,,,,,,,,1040043,,,,,,,,,,,,,,,,,,,,,,,,,,,,
131024,1.31E+11,中央区,中洲まちづくり支援用住宅,ナカスマチヅクリシエンヨウジュウタク,,,,,,131024,,東京都中央区日本橋中洲12-10,,,,,,35.684196,139.791102,,,,,,,,1030008,,,,,,,,,,,,,,,,,,,,,,,,,,,,
131024,1.31E+11,中央区,中洲職員住宅,ナカスショクインジュウタク,,,,,,131024,,東京都中央区日本橋中洲12-10,,,,,,35.684196,139.791102,,,,,,,,1030008,,,,,,,,,,,,,,,,,,,,,,,,,,,,
131024,1.31E+11,中央区,中洲コミュニティルーム,ナカスコミュニティルーム,,,,,,131024,,東京都中央区日本橋中洲12-10,,,,,,35.684196,139.791102,,,,,,,,1030008,,,,,,,,,,,,,,,,,,,,,,,,,,,,
131024,1.31E+11,中央区,月島清澄通りまちづくり支援用施設（仮店舗）,ツキシマキヨスミドオリマチヅクリシエンヨウシセツ（カリテンポ）,,,,,,131024,,東京都中央区月島3-13-13,,,,,,35.662239,139.780707,,,,,,,,1040052,,,,,,,,,,,,,,,,,,,,,,,,,,,,
131024,1.31E+11,中央区,月島清澄通りまちづくり支援用施設（仮住宅）,ツキシマキヨスミドオリマチヅクリシエンヨウシセツ（カリジュウタク）,,,,,,131024,,東京都中央区月島3-13-13,,,,,,35.662239,139.780707,,,,,,,,1040052,,,,,,,,,,,,,,,,,,,,,,,,,,,,
131024,1.31E+11,中央区,月島清澄通りコミュニティルーム,ツキシマキヨスミドオリコミュニティルーム,,,,,,131024,,東京都中央区月島3-13-13,,,,,,35.662239,139.780707,,,,,,,,1040052,,,,,,,,,,,,,,,,,,,,,,,,,,,,
131024,1.31E+11,中央区,湊二丁目認知症高齢者グループホーム,ミナトニチョウメニンチショウコウレイシャグループホーム,,,,,,131024,,東京都中央区湊2-16-23,,,,,,35.67126,139.781141,,,,,,,,1040043,,,,,,,,,,,,,,,,,,,,,,,,,,,,
131024,1.31E+11,中央区,観光拠点,カンコウキョテン,,,,,,131024,,東京都中央区京橋2-2-1,,,,,,35.677019,139.769831,,,,,,,,1040031,,,,,,,,,,,,,,,,,,,,,,,,,,,,
131024,1.31E+11,中央区,勝どきおとしより相談センター,カチドキオトシヨリソウダンセンター,,,,,,131024,,東京都中央区勝どき5-1-17,,,,,,35.658032,139.772525,,,,,,,,1040054,,,,,,,,,,,,,,,,,,,,,,,,,,,,
131024,1.31E+11,中央区,勝どき五丁目認可保育所,カチドキゴチョウメニンカホイクショ,,,,,,131024,,東京都中央区勝どき5-1-17,,,,,,35.658032,139.772525,,,,,,,,1040054,,,,,,,,,,,,,,,,,,,,,,,,,,,,
131024,1.31E+11,中央区,勝どき五丁目サービス付き高齢者向け住宅,カチドキゴチョウメサービスツキコウレイシャムケジュウタク,,,,,,131024,,東京都中央区勝どき5-3-2,,,,,,35.656756,139.772321,,,,,,,,1040054,,,,,,,,,,,,,,,,,,,,,,,,,,,,
131024,1.31E+11,中央区,勝どき五丁目小規模多機能型居宅介護事業所,カチドキゴチョウメショウキボタキノウガタキョタクカイゴジギョウショ,,,,,,131024,,東京都中央区勝どき5-3-2,,,,,,35.656756,139.772321,,,,,,,,1040054,,,,,,,,,,,,,,,,,,,,,,,,,,,,
131024,1.31E+11,中央区,銀座一丁目認可保育所,ギンザイッチョウメニンカホイクショ,,,,,,131024,,東京都中央区銀座1-12-6,,,,,,35.674356,139.769998,,,,,,,,1040061,,,,,,,,,,,,,,,,,,,,,,,,,,,,
131024,1.31E+11,中央区,水谷橋公園内公衆便所,ミズタニバシコウエンナイコウシュウベンジョ,,,,,,131024,,東京都中央区銀座1-12-6,,,,,,35.674356,139.769998,,,,,,,,1040061,,,,,,,,,,,,,,,,,,,,,,,,,,,,
131024,1.31E+11,中央区,水谷橋公園,ミズタニバシコウエン,,,,,,131024,,東京都中央区銀座1-12-6,,,,,,35.674356,139.769998,,,,,,,,1040061,,,,,,,,,,,,,,,,,,,,,,,,,,,,
131024,1.31E+11,中央区,地域防災備蓄倉庫,チイキボウサイビチクソウコ,,,,,,131024,,東京都中央区銀座1-12-6,,,,,,35.674356,139.769998,,,,,,,,1040061,,,,,,,,,,,,,,,,,,,,,,,,,,,,
131024,1.31E+11,中央区,築地場外市場地区まちづくり支援施設店舗施設 Ａ棟,ツキジジョウガイシジョウチクマチヅクリシエンシセツテンポシセツ エートウ,,,,,,131024,,東京都中央区築地4-16-2,,,,,,35.664998,139.769824,,,,,,,,1040045,,,,,,,,,,,,,,,,,,,,,,,,,,,,
131024,1.31E+11,中央区,佃・月島まちづくり支援用施設,ツクダ・ツキシママチヅクリシエンヨウシセツ,,,,,,131024,,東京都中央区佃2-10-9,,,,,,35.665946,139.784171,,,,,,,,1040051,,,,,,,,,,,,,,,,,,,,,,,,,,,,
131024,1.31E+11,中央区,晴海地区まちづくり支援施設,ハルミチクマチヅクリシエンシセツ,,,,,,131024,,東京都中央区晴海3-11-3,,,,,,35.654448,139.779054,,,,,,,,1040053,,,,,,,,,,,,,,,,,,,,,,,,,,,,
131024,1.31E+11,中央区,阪本小学校,サカモトショウガッコウ,,,,,,131024,,東京都中央区日本橋兜町15-18,,,,,,35.679538,139.776687,,,,,,,,1030026,,,,,,,,,,,,,,,,,,,,,,,,,,,,
131024,1.31E+11,中央区,日本橋兜町公私連携幼保連携型認定こども園,ニホンバシカブトチョウコウシレンケイヨウホレンケイガタニンテイコドモエン,,,,,,131024,,東京都中央区日本橋兜町15-18,,,,,,35.679538,139.776687,,,,,,,,1030026,,,,,,,,,,,,,,,,,,,,,,,,,,,,
131024,1.31E+11,中央区,阪本小学校防災拠点倉庫,サカモトショウガッコウボウサイキョテンソウコ,,,,,,131024,,東京都中央区日本橋兜町15-18,,,,,,35.679538,139.776687,,,,,,,,1030026,,,,,,,,,,,,,,,,,,,,,,,,,,,,
131024,1.31E+11,中央区,桜川敬老館,サクラガワケイロウカン,,,,,,131024,,東京都中央区入船1-1-13,,,,,,35.673744,139.778229,,,,,,,,1040042,,,,,,,,,,,,,,,,,,,,,,,,,,,,
131024,1.31E+11,中央区,桜川保育園,サクラガワホイクエン,,,,,,131024,,東京都中央区入船1-1-13,,,,,,35.673744,139.778229,,,,,,,,1040042,,,,,,,,,,,,,,,,,,,,,,,,,,,,
131024,1.31E+11,中央区,桜川地域密着型特別養護老人ホーム,サクラガワチイキミッチャクガタトクベツヨウゴロウジンホーム,,,,,,131024,,東京都中央区入船1-1-13,,,,,,35.673744,139.778229,,,,,,,,1040042,,,,,,,,,,,,,,,,,,,,,,,,,,,,
131024,1.31E+11,中央区,築地川第一駐車場,ツキジガワダイイチチュウシャジョウ,,,,,,131024,,東京都中央区築地4-16-1,,,,,,35.664013,139.770665,,,,,,,,1040045,,,,,,,,,,,,,,,,,,,,,,,,,,,,
131024,1.31E+11,中央区,京橋図書館,キョウバシトショカン,,,,,,131024,,東京都中央区新富1-13-14,,,,,,35.673688,139.7756,,,,,,,,1040041,,,,,,,,,,,,,,,,,,,,,,,,,,,,
131024,1.31E+11,中央区,郷土資料館,キョウドシリョウカン,,,,,,131024,,東京都中央区新富1-3-14,,,,,,35.673326,139.773624,,,,,,,,1040041,,,,,,,,,,,,,,,,,,,,,,,,,,,,
131024,1.31E+11,中央区,勝どき区民館,カチドキクミンカン,,,,,,131024,,東京都中央区勝どき1-5-1,,,,,,35.660594,139.777901,,,,,,,,1040054,,,,,,,,,,,,,,,,,,,,,,,,,,,,
131024,1.31E+11,中央区,勝どき敬老館,カチドキケイロウカン,,,,,,131024,,東京都中央区勝どき1-5-1,,,,,,35.660594,139.777901,,,,,,,,1040054,,,,,,,,,,,,,,,,,,,,,,,,,,,,
131024,1.31E+11,中央区,環境情報センター,カンキョウジョウホウセンター,,,,,,131024,,東京都中央区京橋3-1-1東京スクエアガーデン6階京橋環境ステーション,,,,,,35.676025,139.768762,,,,,,,,1040031,,,,,,,,,,,,,,,,,,,,,,,,,,,,
131024,1.31E+11,中央区,浜町運動場ダッグアウト,ハマチョウウンドウジョウダッグアウト,,,,,,131024,,東京都中央区日本橋浜町2-59-1,,,,,,35.687126,139.789311,,,,,,,,1030007,,,,,,,,,,,,,,,,,,,,,,,,,,,,
131024,1.31E+11,中央区,人形町おとしより相談センター,ニンギョウチョウオトシヨリソウダンセンター,,,,,,131024,,東京都中央区日本橋人形町2-32-4日本橋医師会人形町ビル1階,,,,,,35.686204,139.785479,,,,,,,,1030013,,,,,,,,,,,,,,,,,,,,,,,,,,,,
131024,1.31E+11,中央区,中央清掃事務所,チュウオウセイソウジムショ,,,,,,131024,,東京都中央区京橋1-19-6,,,,,,35.677045,139.773938,,,,,,,,1040031,,,,,,,,,,,,,,,,,,,,,,,,,,,,
131024,1.31E+11,中央区,城東小学校,ジョウトウショウガッコウ,,,,,,131024,,東京都中央区八重洲2-2-1,,,,,,35.679059,139.769114,,,,,,,,1040028,,,,,,,,,,,,,,,,,,,,,,,,,,,,
131024,1.31E+11,中央区,中央区勤労者サービス公社「レッツ中央」,チュウオウクキンロウシャサービスコウシャ「レッツチュウオウ」,,,,,,131024,,東京都中央区銀座4-9-8 NMF銀座四丁目ビル2階,,,,,,35.670322,139.766861,,,,,,,,1040061,,,,,,,,,,,,,,,,,,,,,,,,,,,,
131024,1.31E+11,中央区,新川コミュニティルーム,シンカワコミュニティルーム,,,,,,131024,,東京都中央区新川2-27-4-102,,,,,,35.674438,139.784576,,,,,,,,1040033,,,,,,,,,,,,,,,,,,,,,,,,,,,,
131024,1.31E+11,中央区,勝どきデイルーム,カチドキデイルーム,,,,,,131024,,東京都中央区勝どき1-5-1,,,,,,35.660923,139.777954,,,,,,,,1040054,,,,,,,,,,,,,,,,,,,,,,,,,,,,
131024,1.31E+11,中央区,勝どきグリーンホームズT（一般）,カチドキグリーンホームズT（イッパン）,,,,,,131024,,東京都中央区勝どき3-14-10,,,,,,35.659054,139.772827,,,,,,,,1040054,,,,,,,,,,,,,,,,,,,,,,,,,,,,
131024,1.31E+11,中央区,勝どきグリーンホームズU（一般）,カチドキグリーンホームズU（イッパン）,,,,,,131024,,東京都中央区勝どき3-13-2,,,,,,35.659412,139.773941,,,,,,,,1040054,,,,,,,,,,,,,,,,,,,,,,,,,,,,
131024,1.31E+11,中央区,銀座アイタワー（一般）,ギンザアイタワー（イッパン）,,,,,,131024,,東京都中央区銀座2-9-7,,,,,,35.67247,139.768234,,,,,,,,1040061,,,,,,,,,,,,,,,,,,,,,,,,,,,,
131024,1.31E+11,中央区,勝どきグリーンホームズU（社宅利用型）,カチドキグリーンホームズU（シャタクリヨウガタ）,,,,,,131024,,東京都中央区勝どき3-13-2,,,,,,35.659412,139.773941,,,,,,,,1040054,,,,,,,,,,,,,,,,,,,,,,,,,,,,
131024,1.31E+11,中央区,銀座アイタワー（社宅利用型）,ギンザアイタワー（シャタクリヨウガタ）,,,,,,131024,,東京都中央区銀座2-9-7,,,,,,35.67247,139.768234,,,,,,,,1040061,,,,,,,,,,,,,,,,,,,,,,,,,,,,
131024,1.31E+11,中央区,水産庁船員詰所内地域防災備蓄倉庫,スイサンチョウセンインツメショナイチイキボウサイビチクソウコ,,,,,,131024,,東京都中央区勝どき5-10-3,,,,,,35.656425,139.771866,,,,,,,,1040054,,,,,,,,,,,,,,,,,,,,,,,,,,,,
131024,1.31E+11,中央区,勝どきまちづくり支援用施設,カチドキマチヅクリシエンヨウシセツ,,,,,,131024,,東京都中央区勝どき3-13-2,,,,,,35.659412,139.773941,,,,,,,,1040054,,,,,,,,,,,,,,,,,,,,,,,,,,,,
131024,1.31E+11,中央区,月島一丁目まちづくり支援用施設,ツキシマイッチョウメマチヅクリシエンヨウシセツ,,,,,,131024,,東京都中央区月島1-5-2,,,,,,35.664398,139.784027,,,,,,,,1040052,,,,,,,,,,,,,,,,,,,,,,,,,,,,
131024,1.31E+11,中央区,勝どき駅前まちづくり支援用施設,カチドキエキマエマチヅクリシエンヨウシセツ,,,,,,131024,,東京都中央区勝どき1-8-1,,,,,,35.660088,139.776703,,,,,,,,1040054,,,,,,,,,,,,,,,,,,,,,,,,,,,,
131024,1.31E+11,中央区,晴海三丁目まちづくり支援用施設,ハルミサンチョウメマチヅクリシエンヨウシセツ,,,,,,131024,,東京都中央区晴海3-6-8,,,,,,35.65567,139.77948,,,,,,,,1040053,,,,,,,,,,,,,,,,,,,,,,,,,,,,
131024,1.31E+11,中央区,環境土木部倉庫（築地７丁目１）,カンキョウドボクブソウコ（ツキジ７チョウメ１）,,,,,,131024,,東京都中央区築地7-5-15,,,,,,35.666401,139.773361,,,,,,,,1040045,,,,,,,,,,,,,,,,,,,,,,,,,,,,
131024,1.31E+11,中央区,環境土木部倉庫（築地７丁目２）,カンキョウドボクブソウコ（ツキジ７チョウメ２）,,,,,,131024,,東京都中央区築地7-14番地先,,,,,,35.665672,139.775696,,,,,,,,1040045,,,,,,,,,,,,,,,,,,,,,,,,,,,,
131024,1.31E+11,中央区,環境土木部倉庫（佃１丁目）,カンキョウドボクブソウコ（ツクダ１チョウメ）,,,,,,131024,,東京都中央区佃1-28番地先,,,,,,,,,,,,,,,1040051,,,,,,,,,,,,,,,,,,,,,,,,,,,,
131024,1.31E+11,中央区,第一自転車保管場所管理棟,ダイイチジテンシャホカンバショカンリトウ,,,,,,131024,,東京都中央区佃2-304番地先,,,,,,,,,,,,,,,1040051,,,,,,,,,,,,,,,,,,,,,,,,,,,,
131024,1.31E+11,中央区,地域防災活動センター（築地）,チイキボウサイカツドウセンター（ツキジ）,,,,,,131024,,東京都中央区築地7-1-18,,,,,,35.667007,139.773727,,,,,,,,1040045,,,,,,,,,,,,,,,,,,,,,,,,,,,,
131024,1.31E+11,中央区,地域防災活動センター（茅場町）,チイキボウサイカツドウセンター（カヤバチョウ）,,,,,,131024,,東京都中央区日本橋茅場町3-13-7,,,,,,35.677708,139.779724,,,,,,,,1030025,,,,,,,,,,,,,,,,,,,,,,,,,,,,
131024,1.31E+11,中央区,公衆浴場入船湯,コウシュウヨクジョウイリフネユ,,,,,,131024,,東京都中央区入船3-6-14,,,,,,35.671188,139.776352,,,,,,,,1040042,,,,,,,,,,,,,,,,,,,,,,,,,,,,
131024,1.31E+11,中央区,地域防災活動センター（八重洲）,チイキボウサイカツドウセンター（ヤエス）,,,,,,131024,,東京都中央区八重洲2-2-1,,,,,,35.679059,139.769114,,,,,,,,,,,,,,,,,,,,,,,,,,,,,,,,,,,,
